group,n_workers_full_time
top_1,2016187.6679000002
bottom_50,67379600.36912487
